user_id,item_id
395,5820
395,17071
395,17960
395,8059
395,17072
812,5820
812,11322
812,11395
812,14962
812,12778
1337,11322
1337,11395
1337,5820
1337,17071
1337,17072
2086,5820
2086,11322
2086,11395
2086,6452
2086,17205
1159,6193
1159,8014
1159,5702
1159,8059
1159,6044
502,17071
502,17072
502,8014
502,5702
502,6193
1150,17742
1150,5820
1150,12010
1150,9592
1150,17071
697,5820
697,17621
697,13206
697,6193
697,5702
2641,5820
2641,17071
2641,17072
2641,6452
2641,11174
1540,10307
1540,9916
1540,5820
1540,13862
1540,11322
1834,6452
1834,5820
1834,5702
1834,6193
1834,8014
551,5820
551,11322
551,11395
551,11534
551,11174
1972,5820
1972,17072
1972,17760
1972,17071
1972,14962
2159,17960
2159,17071
2159,11174
2159,7491
2159,18096
1398,17072
1398,17071
1398,5820
1398,6193
1398,8014
7,8059
7,17071
7,13347
7,17072
7,14962
1923,7485
1923,6452
1923,14907
1923,14962
1923,16016
2787,5820
2787,6452
2787,18203
2787,15855
2787,15859
2286,5820
2286,11322
2286,11395
2286,14962
2286,17960
681,15426
681,15965
681,15871
681,15886
681,16157
2146,6452
2146,17071
2146,6718
2146,17072
2146,10307
1883,8014
1883,6193
1883,5702
1883,17071
1883,17072
976,5690
976,17071
976,17874
976,8014
976,5702
1695,17071
1695,17072
1695,5702
1695,6193
1695,8014
1329,5702
1329,8014
1329,6193
1329,17071
1329,17072
568,5820
568,14962
568,17071
568,12778
568,17072
670,11322
670,11395
670,17071
670,17960
670,17072
301,16978
301,9360
301,17171
301,16973
301,17173
746,8839
746,17691
746,17567
746,13667
746,15530
1579,7491
1579,11174
1579,17455
1579,5820
1579,11322
954,15630
954,17740
954,17836
954,13052
954,5656
1094,10682
1094,6781
1094,13584
1094,17252
1094,8059
2609,8059
2609,5820
2609,11322
2609,6338
2609,11395
304,8112
304,17071
304,17072
304,5820
304,6071
2356,8014
2356,6193
2356,5702
2356,5820
2356,6044
416,5702
416,8014
416,6193
416,6044
416,11023
1675,5820
1675,11322
1675,6452
1675,11395
1675,17960
1881,17071
1881,17072
1881,5702
1881,6193
1881,7491
1567,6452
1567,17071
1567,17072
1567,17369
1567,9446
2445,5702
2445,8014
2445,6193
2445,6044
2445,12778
388,17071
388,17072
388,5820
388,18339
388,11322
1288,17071
1288,17072
1288,5820
1288,12778
1288,11954
2130,14962
2130,16193
2130,8059
2130,5820
2130,10307
1010,5820
1010,5702
1010,6193
1010,8014
1010,17760
2270,5820
2270,14962
2270,12778
2270,11954
2270,16016
2714,8059
2714,6452
2714,8014
2714,6193
2714,5702
2746,6452
2746,17071
2746,13692
2746,17072
2746,18339
1643,17071
1643,17072
1643,8170
1643,18339
1643,8846
2698,5820
2698,11322
2698,11395
2698,14962
2698,15030
2675,5820
2675,6452
2675,17071
2675,14962
2675,17072
2701,17071
2701,5820
2701,17072
2701,14962
2701,18339
563,16910
563,11144
563,17071
563,17072
563,17960
721,12694
721,13916
721,12936
721,17671
721,15094
1239,5820
1239,8846
1239,8842
1239,17340
1239,18148
2168,11322
2168,11395
2168,17960
2168,5820
2168,6629
1846,6452
1846,15827
1846,8846
1846,8842
1846,11322
802,17071
802,5820
802,17072
802,18339
802,14885
60,6641
60,12460
60,5850
60,5820
60,7143
1669,17071
1669,17072
1669,5820
1669,14630
1669,18339
1366,17071
1366,17072
1366,5820
1366,18339
1366,17960
2292,14704
2292,13132
2292,5702
2292,8014
2292,6193
2380,18096
2380,5820
2380,17072
2380,14962
2380,8678
2642,10704
2642,5820
2642,18021
2642,17072
2642,17071
2790,5820
2790,17071
2790,17072
2790,17960
2790,17307
2704,5820
2704,10307
2704,13862
2704,18148
2704,14962
1183,5820
1183,12778
1183,17205
1183,17340
1183,15530
1935,17071
1935,17072
1935,10429
1935,9531
1935,18339
19,16761
19,6329
19,16043
19,16593
19,10354
2273,5820
2273,6193
2273,8014
2273,5702
2273,12208
2355,17071
2355,17072
2355,12955
2355,18339
2355,8846
1656,17071
1656,17072
1656,18339
1656,5702
1656,8014
154,8861
154,7226
154,8059
154,9290
154,7603
57,11322
57,18011
57,11395
57,17071
57,17072
285,17071
285,17072
285,11322
285,6193
285,5702
1601,18096
1601,15530
1601,14906
1601,18315
1601,15855
2743,17071
2743,17072
2743,11322
2743,11395
2743,18339
126,13052
126,13520
126,6220
126,15630
126,5656
2240,5820
2240,12778
2240,5702
2240,8014
2240,11954
2209,17071
2209,17072
2209,5820
2209,18339
2209,11322
448,8059
448,12226
448,13418
448,12295
448,11514
2726,17072
2726,17071
2726,16188
2726,5820
2726,7491
107,17071
107,17072
107,9197
107,8673
107,18339
990,5820
990,14962
990,5702
990,8014
990,6193
1652,17071
1652,5820
1652,17072
1652,18339
1652,11689
715,17071
715,17072
715,12743
715,5820
715,14962
2135,6193
2135,8014
2135,5702
2135,6452
2135,11174
2539,17071
2539,17072
2539,6193
2539,8014
2539,5702
1358,10029
1358,7491
1358,5820
1358,7651
1358,10307
1913,5820
1913,12221
1913,11322
1913,11395
1913,14962
485,17071
485,17072
485,18339
485,15685
485,16510
409,17072
409,17071
409,14412
409,13594
409,18339
2082,8014
2082,6193
2082,5702
2082,5820
2082,6044
501,17071
501,17072
501,18339
501,8059
501,11322
403,17884
403,9245
403,18262
403,17071
403,17072
2021,17071
2021,17072
2021,5820
2021,18339
2021,17960
1609,17071
1609,17072
1609,18339
1609,8059
1609,5820
814,5702
814,6193
814,8014
814,15990
814,5820
2494,5820
2494,6193
2494,5702
2494,8014
2494,6044
614,17071
614,17072
614,18339
614,5702
614,8014
1266,8846
1266,8842
1266,8840
1266,8839
1266,8841
1103,17071
1103,17072
1103,18339
1103,14625
1103,11046
1076,6452
1076,8014
1076,5702
1076,6193
1076,6310
2591,17071
2591,17072
2591,5820
2591,18339
2591,11322
2617,7625
2617,7491
2617,11174
2617,17071
2617,17455
1828,6452
1828,6835
1828,5820
1828,8014
1828,5702
659,17071
659,17072
659,18339
659,6193
659,8014
803,5820
803,8842
803,15530
803,8846
803,17071
2672,7491
2672,11174
2672,17455
2672,17118
2672,5820
1596,5702
1596,6193
1596,5820
1596,8014
1596,11787
2423,5702
2423,8014
2423,6193
2423,6452
2423,17205
1108,17892
1108,5820
1108,17205
1108,14962
1108,5702
254,7491
254,11174
254,17455
254,6193
254,8014
85,5970
85,5988
85,5991
85,8135
85,6195
985,15875
985,17071
985,6193
985,8014
985,5702
2268,13884
2268,17071
2268,17072
2268,5820
2268,14962
2440,17071
2440,17072
2440,18339
2440,13692
2440,17307
1023,9248
1023,11234
1023,17124
1023,14731
1023,11322
392,10852
392,10278
392,9153
392,11954
392,12778
2463,5820
2463,5702
2463,8014
2463,6193
2463,6044
217,5702
217,6193
217,8014
217,5820
217,6044
434,6452
434,9892
434,11322
434,9349
434,11395
1903,5820
1903,13862
1903,10307
1903,9916
1903,10311
213,11625
213,11954
213,12778
213,6338
213,16016
732,5820
732,12884
732,14605
732,8839
732,14663
1086,17140
1086,5820
1086,6452
1086,8059
1086,14962
890,18096
890,11322
890,11395
890,12617
890,11174
1211,16559
1211,15530
1211,5820
1211,17960
1211,11174
58,5820
58,11395
58,14962
58,11322
58,17071
1688,17071
1688,17072
1688,18339
1688,5702
1688,8014
2041,6193
2041,7491
2041,11174
2041,8014
2041,5702
1118,17505
1118,14570
1118,11322
1118,11395
1118,12778
2489,17216
2489,11322
2489,17624
2489,11395
2489,10852
737,16019
737,12023
737,16018
737,17521
737,8059
148,5820
148,11954
148,12778
148,8059
148,9916
1561,5820
1561,15530
1561,14962
1561,8059
1561,17960
1096,17588
1096,11174
1096,7491
1096,11322
1096,17455
106,6243
106,11322
106,11395
106,9022
106,9269
1144,17071
1144,5820
1144,17072
1144,13862
1144,18339
564,11894
564,11425
564,11014
564,14962
564,8014
334,17071
334,17072
334,18339
334,5702
334,5820
214,7395
214,6946
214,6966
214,11174
214,7491
1517,17071
1517,17072
1517,18339
1517,13297
1517,16793
2644,17071
2644,17072
2644,5820
2644,18339
2644,11322
747,17071
747,6193
747,5702
747,8014
747,17072
2190,17071
2190,17072
2190,5820
2190,18339
2190,5702
2418,17071
2418,8014
2418,17072
2418,5702
2418,6193
2195,5820
2195,11689
2195,11322
2195,11395
2195,13440
1260,7219
1260,18096
1260,17171
1260,16973
1260,18245
1325,8846
1325,8842
1325,8839
1325,11787
1325,8840
610,17071
610,17072
610,5820
610,13862
610,10307
536,17071
536,17072
536,14962
536,5702
536,8014
2709,5820
2709,17960
2709,17086
2709,18178
2709,14962
642,11322
642,11395
642,11809
642,17205
642,14907
2290,5820
2290,14962
2290,13862
2290,9916
2290,10307
1469,6193
1469,5702
1469,8014
1469,18129
1469,5820
1061,5820
1061,18096
1061,5823
1061,17960
1061,11322
719,11322
719,6452
719,11395
719,5820
719,17546
1521,8014
1521,5702
1521,6193
1521,17071
1521,17072
672,12256
672,17071
672,14191
672,17072
672,6452
147,6193
147,5702
147,17143
147,11533
147,6044
382,7491
382,11174
382,17455
382,10653
382,9511
1758,17071
1758,17072
1758,5702
1758,5820
1758,6193
1522,14828
1522,5820
1522,11568
1522,6452
1522,17760
2780,5820
2780,10307
2780,17071
2780,17072
2780,13862
888,16345
888,15255
888,7491
888,16379
888,9010
2603,11322
2603,11395
2603,10307
2603,9916
2603,11112
2024,6193
2024,5702
2024,8014
2024,15861
2024,6044
2792,5820
2792,17071
2792,17072
2792,6193
2792,8014
2200,17194
2200,17071
2200,17072
2200,18339
2200,8846
1489,8846
1489,8840
1489,8839
1489,8842
1489,8841
1009,5820
1009,17960
1009,18178
1009,14977
1009,17071
698,11322
698,11395
698,17072
698,17071
698,11174
1732,17960
1732,17841
1732,18178
1732,5820
1732,17071
637,5820
637,15530
637,11322
637,11395
637,17071
2090,5820
2090,5823
2090,8279
2090,10248
2090,16581
1510,6452
1510,11174
1510,7491
1510,9131
1510,17455
1309,14962
1309,18148
1309,17307
1309,16606
1309,17340
1346,17071
1346,17072
1346,11322
1346,11395
1346,18339
1068,17071
1068,17072
1068,18339
1068,5820
1068,9140
2414,8846
2414,8842
2414,8840
2414,8839
2414,8841
2030,13280
2030,8839
2030,8846
2030,8840
2030,8842
873,6193
873,8014
873,5702
873,9805
873,14604
789,17340
789,13692
789,17307
789,5820
789,18148
1757,7899
1757,17071
1757,17072
1757,6452
1757,13862
1683,17960
1683,18178
1683,6452
1683,17071
1683,17205
2687,5702
2687,6193
2687,8014
2687,17071
2687,5820
1697,5812
1697,6452
1697,11565
1697,11322
1697,11395
2556,5820
2556,11322
2556,11395
2556,7491
2556,11174
2807,6452
2807,14927
2807,18148
2807,17307
2807,12843
2321,8059
2321,17071
2321,6958
2321,17072
2321,7505
2732,5702
2732,6193
2732,8014
2732,5820
2732,6044
524,13273
524,11077
524,11627
524,10793
524,15735
1590,11322
1590,6452
1590,11395
1590,5702
1590,6193
2067,9502
2067,10852
2067,5820
2067,13689
2067,13607
1809,8560
1809,8755
1809,11954
1809,12778
1809,16016
2636,17071
2636,17072
2636,18339
2636,17515
2636,9916
2134,7978
2134,15911
2134,11395
2134,11322
2134,14962
1614,17071
1614,17072
1614,5820
1614,8059
1614,5702
2345,10307
2345,13862
2345,9916
2345,10311
2345,6338
2132,17071
2132,17072
2132,18339
2132,9916
2132,13862
2805,17071
2805,6919
2805,17072
2805,18339
2805,7491
1267,17071
1267,17072
1267,18339
1267,11322
1267,11395
1079,17071
1079,17072
1079,18339
1079,18178
1079,17960
625,15918
625,5820
625,9636
625,17071
625,12385
1823,11889
1823,13522
1823,17071
1823,17072
1823,6193
2783,11322
2783,11395
2783,5820
2783,17071
2783,17072
1631,5820
1631,18096
1631,8059
1631,17850
1631,15630
1984,5820
1984,8059
1984,11913
1984,7760
1984,13440
707,12567
707,13026
707,12565
707,9184
707,9023
74,11395
74,11322
74,5820
74,15530
74,14962
977,5820
977,8014
977,5702
977,6193
977,14962
509,5820
509,15855
509,18203
509,15859
509,13692
2063,9007
2063,6452
2063,10491
2063,13689
2063,17171
176,8106
176,8764
176,12833
176,9761
176,6723
2800,17071
2800,17072
2800,7238
2800,18339
2800,11174
2789,13441
2789,13440
2789,11913
2789,5702
2789,7760
1378,8059
1378,11322
1378,15855
1378,17071
1378,11395
1541,11894
1541,8014
1541,6193
1541,5702
1541,11425
666,14906
666,12193
666,12372
666,18315
666,11866
2310,5702
2310,8014
2310,6193
2310,6044
2310,6452
865,14566
865,17960
865,11322
865,18178
865,11395
1998,13901
1998,17071
1998,17072
1998,10852
1998,6193
2667,5820
2667,10307
2667,9916
2667,13862
2667,11322
1558,17071
1558,17072
1558,18339
1558,5820
1558,11174
1249,5820
1249,17455
1249,11174
1249,7491
1249,17960
1171,17071
1171,17072
1171,18339
1171,17960
1171,18178
2753,16196
2753,16549
2753,17307
2753,15530
2753,18148
1793,11322
1793,11395
1793,5820
1793,6338
1793,18148
540,10879
540,14685
540,13299
540,10881
540,14670
36,13005
36,11668
36,5730
36,8014
36,5702
593,11718
593,6452
593,17071
593,17072
593,11408
28,17071
28,17072
28,5820
28,18339
28,15415
2589,5820
2589,10307
2589,13862
2589,14927
2589,9916
1646,5820
1646,15855
1646,18203
1646,15859
1646,12372
2161,12917
2161,17071
2161,17072
2161,18339
2161,6007
2081,17071
2081,17072
2081,18339
2081,18096
2081,5702
1350,5820
1350,10293
1350,8014
1350,6193
1350,5702
1188,6193
1188,5702
1188,8014
1188,8059
1188,6044
1197,7048
1197,17071
1197,6452
1197,17072
1197,18339
221,7423
221,7045
221,13611
221,8092
221,6452
2413,17071
2413,17072
2413,18339
2413,5820
2413,6452
1512,17072
1512,10051
1512,17071
1512,5820
1512,17960
2385,10870
2385,8014
2385,18270
2385,5702
2385,6193
2557,6193
2557,8014
2557,5702
2557,6493
2557,6044
1315,18096
1315,8477
1315,6845
1315,5820
1315,15530
315,5820
315,8059
315,9579
315,14962
315,8513
2339,8963
2339,14927
2339,16516
2339,6117
2339,17307
1597,5820
1597,10307
1597,8846
1597,8842
1597,8840
1280,11395
1280,11322
1280,17071
1280,5820
1280,17072
2280,5820
2280,8059
2280,18148
2280,17340
2280,17307
2500,8014
2500,6193
2500,5702
2500,14962
2500,6044
1819,9614
1819,17624
1819,17960
1819,11174
1819,5820
544,6193
544,5702
544,8014
544,11954
544,6452
41,17071
41,17072
41,17960
41,8014
41,5820
805,5820
805,14962
805,8059
805,17205
805,18148
1014,5820
1014,8059
1014,11190
1014,6684
1014,10051
83,7577
83,10088
83,11395
83,15630
83,6067
1598,18096
1598,6672
1598,6338
1598,8846
1598,8840
1129,6452
1129,11322
1129,5812
1129,11395
1129,5820
1459,13692
1459,5820
1459,8059
1459,6452
1459,14907
2007,17071
2007,18096
2007,11174
2007,11322
2007,7015
1663,6452
1663,7491
1663,11174
1663,8839
1663,17455
1753,5820
1753,6672
1753,6338
1753,6091
1753,17960
2152,8059
2152,16973
2152,17071
2152,17003
2152,17171
690,12417
690,15530
690,18096
690,11322
690,17960
1840,5820
1840,11322
1840,17071
1840,11395
1840,17072
2691,5820
2691,11322
2691,11395
2691,14977
2691,13440
942,16201
942,11322
942,11395
942,6338
942,6672
2571,5820
2571,17071
2571,17072
2571,10307
2571,9916
1971,15530
1971,17624
1971,14962
1971,5820
1971,12778
764,18096
764,17072
764,11913
764,17071
764,13440
1432,6452
1432,14804
1432,15530
1432,8059
1432,17072
349,17071
349,17072
349,14213
349,18339
349,8727
545,8059
545,11395
545,5820
545,11322
545,13862
1178,8846
1178,8842
1178,8840
1178,5820
1178,8839
1681,11322
1681,11395
1681,17071
1681,17072
1681,18339
819,11395
819,11322
819,5820
819,8059
819,15530
2016,5820
2016,13862
2016,10307
2016,10311
2016,9916
901,8059
901,5702
901,8014
901,6193
901,18296
